Kimura	SuperFamily	BasePairs	Percentage of Genome
0	DNA	4795372	0.6570435661737885
0	LTR/Gypsy	7336061	1.0051590744385313
0	DNA/MITE	972513	0.13325001890789068
0	LTR	2218412	0.3039583439455222
0	RC/Helitron	218596	0.029951189478381542
0	LTR/Copia	411057	0.05632146102131367
0	LTR/LARD	55877	0.007656053241978469
0	LTR/TRIM	7395	0.0010132346712320058
0	LINE	5646292	0.7736333763759167
0	LINE/L2	3349367	0.4589174808763123
0	LINE/CR1	807862	0.11069016740646798
0	ClassI/Unclassified	1353162	0.1854050918449822
0	LINE/I	135573	0.018575694940221325
0	LINE/R1	233201	0.03195231082704192
0	SINE	12923	0.0017706601293213265
0	DNA/P	6591	0.0009030736603232116
0	DNA/PIF-Harbinger	55545	0.007610563869314639
0	DIRS/DIRS	87055	0.011927943786896857
1	LTR/Gypsy	2119667	0.29042868098260066
1	DNA	5532868	0.7580924528668134
1	DNA/MITE	799079	0.10948675427361729
1	LTR	1522237	0.20857110293876874
1	LTR/Copia	121422	0.016636778938516915
1	RC/Helitron	163151	0.02235432722733914
1	LTR/LARD	87278	0.011958498395643948
1	LTR/TRIM	7449	0.0010206335450990143
1	LINE	3351295	0.459181648076601
1	LINE/L2	2048358	0.2806581940088504
1	LINE/CR1	338889	0.04643327714660489
1	ClassI/Unclassified	754452	0.10337213308726562
1	LINE/I	20290	0.0027800583474371053
1	LINE/R1	131380	0.018001186086066382
1	SINE	41803	0.005727687486343683
1	DNA/PIF-Harbinger	6258	0.0008574472714766589
1	DIRS/DIRS	10273	0.0014075672451070176
2	DNA	4184743	0.5733775115342038
2	LTR/Gypsy	1532359	0.20995798074028466
2	DNA/MITE	610605	0.0836627662511993
2	LTR	1648747	0.2259050202149771
2	RC/Helitron	213630	0.029270767114982197
2	LTR/Copia	99849	0.013680928828646997
2	LTR/LARD	143591	0.019674290693289374
2	LTR/TRIM	11171	0.0015306077771917153
2	LINE	3228400	0.442343044300934
2	LINE/L2	1853309	0.25393332458503276
2	LINE/CR1	342969	0.046992303172112206
2	ClassI/Unclassified	667782	0.09149694053071686
2	LINE/I	20785	0.002847881357884684
2	LINE/R1	135647	0.01858583413774278
2	SINE	17152	0.002350101566054275
2	DNA/PIF-Harbinger	5573	0.000763591186311828
2	DIRS/DIRS	11280	0.001545542541108455
3	DNA	4261772	0.5839317310731261
3	LTR/Gypsy	1119592	0.1534022220465157
3	DNA/MITE	508880	0.06972479506376512
3	LTR	1335977	0.18305046874489808
3	RC/Helitron	236429	0.03239459906486976
3	LTR/Copia	54360	0.007448199692788618
3	LTR/LARD	148513	0.020348684344648933
3	LTR/TRIM	9199	0.0012604118648631805
3	LINE	2170080	0.297336077802184
3	LINE/L2	1604545	0.21984863090628243
3	LINE/CR1	251298	0.034431892685768836
3	ClassI/Unclassified	437702	0.0599722572099515
3	LINE/I	33101	0.004535372664293525
3	LINE/R1	125502	0.01719580496402423
3	SINE	6662	0.0009128018092965006
3	DIRS/DIRS	12902	0.0017677827894841567
4	DNA	4351692	0.5962522262235226
4	LTR/Gypsy	689530	0.0944767684725632
4	DNA/MITE	653065	0.08948047336959158
4	LTR	1202903	0.16481717724529998
4	RC/Helitron	262892	0.03602045830825212
4	LTR/Copia	54659	0.0074891675314226105
4	LTR/LARD	99792	0.01367311890623182
4	LTR/TRIM	4263	0.0005840999869455091
4	LINE	1602931	0.21962748678736851
4	LINE/L2	1183169	0.1621132998954565
4	LINE/CR1	195021	0.026721032970701417
4	ClassI/Unclassified	340332	0.04663099149827329
4	LINE/I	720	9.865165156011415e-05
4	LINE/R1	156089	0.021386718944953687
4	SINE	7377	0.0010107683799430028
4	DNA/PIF-Harbinger	5058	0.0006930278522098019
4	DIRS/DIRS	17896	0.002452041605999726
5	DNA	3728584	0.5108763466397453
5	DNA/MITE	858430	0.11761880173437331
5	LTR/Gypsy	567814	0.0777997067763259
5	LTR	847371	0.1161035397696465
5	RC/Helitron	270600	0.03707657904467623
5	LTR/LARD	47282	0.006478399151479607
5	LTR/Copia	55019	0.007538493357202667
5	LINE	1536814	0.21056838783431284
5	LINE/L2	1075906	0.1474165330881058
5	LINE/CR1	156300	0.021415629359508113
5	ClassI/Unclassified	256208	0.035104642142935724
5	LINE/I	12130	0.0016620062964224787
5	LINE/R1	99818	0.013676681326982602
5	SINE	13234	0.0018132721621479868
5	DNA/PIF-Harbinger	1510	0.00020689443591079496
5	DIRS/DIRS	11169	0.0015303337448262708
6	DNA	3462199	0.47437729080524393
6	DNA/MITE	1069466	0.14653414887137367
6	LTR/Gypsy	464261	0.0636112700068752
6	LTR	813164	0.11141662720726203
6	RC/Helitron	317781	0.04354113956170088
6	LTR/Copia	32392	0.0044382281907433575
6	LTR/LARD	43570	0.005969795081214129
6	LTR/TRIM	838	0.00011481956112135507
6	LINE	1556210	0.21322595371439618
6	LINE/L2	892203	0.12224624927345627
6	LINE/CR1	135286	0.01853637129578
6	ClassI/Unclassified	201899	0.02766343027546595
6	LINE/I	3309	0.0004533865486283579
6	LINE/R1	78111	0.010702471048627883
6	SINE	8524	0.0011679259415255734
6	DNA/PIF-Harbinger	25367	0.003475689507118633
6	DIRS/DIRS	2684	0.00036775143442686995
7	DNA	3570789	0.4892558780870673
7	LTR/Gypsy	465011	0.063714032143917
7	DNA/MITE	1195771	0.16383997783012397
7	LTR	805595	0.11037955172023632
7	RC/Helitron	481883	0.06602576917880901
7	LTR/Copia	21097	0.002890630406894067
7	LTR/LARD	31329	0.004292579988509467
7	LINE	1411653	0.19341930538859695
7	LINE/L2	896558	0.12284295474921225
7	LINE/CR1	149218	0.02044528075346821
7	ClassI/Unclassified	178565	0.02446629466782192
7	LINE/I	10537	0.001443739517345726
7	LINE/R1	51083	0.006999197662007376
7	SINE	6729	0.0009219818935389001
7	DNA/PiggyBac	186	2.548500998636282e-05
7	DNA/P	80	1.096129461779046e-05
7	DNA/PIF-Harbinger	10474	0.001435107497834216
7	DIRS/DIRS	5867	0.0008038739440322079
8	DNA	4005580	0.5488292811891139
8	DNA/MITE	1123119	0.15388547812297754
8	LTR/Gypsy	528806	0.07245497952069128
8	LTR	691418	0.09473545502554306
8	RC/Helitron	634945	0.08699774013866206
8	LTR/Copia	17972	0.002462454835886627
8	LTR/LARD	27013	0.0037012181438796717
8	LTR/TRIM	999	0.00013687916653965835
8	LINE	1225299	0.16788579167355042
8	LINE/L2	856728	0.11738560019137981
8	LINE/CR1	206273	0.028262739058693646
8	ClassI/Unclassified	171454	0.02349197259248307
8	LINE/I	5594	0.0007664685261489979
8	LINE/R1	32664	0.004475496592443845
8	SINE	6778	0.0009286956864922968
8	DNA/P	1222	0.00016743377528674928
8	DNA/PIF-Harbinger	1188	0.00016277522507418836
8	DIRS/DIRS	3083	0.0004224208913330999
9	DNA	4287030	0.587392485816328
9	LTR/Gypsy	482909	0.06616634778228217
9	DNA/MITE	991213	0.1358122215247992
9	LTR	643512	0.08817155777604468
9	RC/Helitron	782199	0.1071739211092635
9	LTR/Copia	11846	0.0016230937005293222
9	LTR/LARD	23460	0.0032143996466670525
9	LTR/TRIM	742	0.00010166600758000653
9	LINE	1098378	0.15049556074624312
9	LINE/L2	843626	0.1155904141653512
9	LINE/CR1	208158	0.028521014563125335
9	ClassI/Unclassified	165209	0.022636306531381805
9	LINE/I	3807	0.0005216206076241036
9	LINE/R1	33802	0.004631421008381914
9	SINE	8661	0.0011866971585585398
9	DNA/PIF-Harbinger	2391	0.0003276056928892124
9	DIRS/DIRS	10359	0.0014193506368211423
9	DNA/P	144	1.973033031202283e-05
10	DNA	4374030	0.5993128937131751
10	LTR/Gypsy	452570	0.06200941381466786
10	DNA/MITE	898650	0.12312959260346745
10	LTR	644202	0.08826609894212313
10	RC/Helitron	981892	0.1345350936856439
10	LTR/LARD	15609	0.002138685596113641
10	LTR/Copia	5348	0.0007327625451992923
10	LTR/TRIM	453	6.206833077323849e-05
10	LINE	979610	0.1342224227566714
10	LINE/L2	785952	0.1076881428430206
10	LINE/CR1	243299	0.033335900240172515
10	ClassI/Unclassified	173436	0.023763538666638828
10	LINE/I	10753	0.0014733350128137603
10	LINE/R1	35791	0.00490394619581673
10	SINE	8761	0.0012003987768307777
10	DNA/PiggyBac	1511	0.00020703145209351732
10	DNA/P	830	0.00011372343165957603
10	DNA/PIF-Harbinger	2839	0.00038898894274883895
10	DIRS/DIRS	2835	0.00038844087801794946
11	DNA	4254506	0.5829361714894653
11	LTR/Gypsy	419289	0.0574493782374843
11	DNA/MITE	767721	0.10519020081580888
11	LTR	610402	0.08363495196610665
11	RC/Helitron	940908	0.12891962245294983
11	LTR/LARD	19604	0.0026860652460895524
11	LTR/Copia	10805	0.001480459854315324
11	LTR/TRIM	104	1.4249683003127598e-05
11	LINE	993364	0.13610694333383502
11	LINE/L2	668662	0.09161751477151256
11	LINE/CR1	226839	0.031080613872562127
11	ClassI/Unclassified	200854	0.027520248364521063
11	LINE/I	6096	0.0008352506498756332
11	LINE/R1	34401	0.004713493701832621
11	SINE	4445	0.0006090369322009824
11	DNA/PiggyBac	1134	0.00015537635120717978
11	DNA/P	3294	0.00045133130588752225
11	DIRS/DIRS	306	4.192695191304851e-05
11	DNA/PIF-Harbinger	2474	0.00033897803605516995
12	DNA	4245645	0.5817220710943622
12	DNA/MITE	729255	0.09991973633120976
12	LTR	583387	0.07993345978986155
12	LTR/Gypsy	413980	0.05672195932341119
12	RC/Helitron	856999	0.11742273157689757
12	LTR/Copia	9603	0.0013157664026830225
12	LTR/LARD	15766	0.002160197136801055
12	LINE	912017	0.12496108791791753
12	LINE/L2	577144	0.07907806776112572
12	LINE/CR1	214771	0.02942710257946844
12	ClassI/Unclassified	178247	0.024422723521716202
12	LINE/I	4799	0.0006575406608847052
12	LINE/R1	30647	0.0041991349518928035
12	SINE	7747	0.0010614643675502836
12	DNA/PiggyBac	1337	0.00018319063629982307
12	DIRS/DIRS	2068	0.0002833494658698834
12	DNA/P	4347	0.0005956093462941892
12	DNA/PIF-Harbinger	808	0.00011070907563968366
13	DNA	4306899	0.5901148603508389
13	DNA/MITE	710399	0.09733615918979657
13	LTR/Gypsy	359765	0.04929362697711731
13	LTR	576485	0.07898777409671166
13	RC/Helitron	700501	0.09597997301321044
13	LTR/LARD	21248	0.002911319850485146
13	LTR/Copia	2245	0.0003076013302117448
13	LINE	868101	0.11894388523748145
13	LINE/L2	576924	0.0790479242009268
13	LINE/CR1	204310	0.027993776292009616
13	ClassI/Unclassified	184190	0.02523701069563531
13	LINE/I	8857	0.0012135523303721263
13	LINE/R1	31290	0.004287236357383294
13	SINE	6377	0.0008737521972206221
13	DNA/PiggyBac	866	0.00011865601423758173
13	DNA/P	7170	0.00098240603011947
13	DNA/PIF-Harbinger	366	5.0147922876391355e-05
13	DIRS/DIRS	1882	0.00025786445588352056
14	DNA	4610523	0.6317162618137391
14	LTR/Gypsy	394154	0.054005476484757266
14	DNA/MITE	635137	0.08702404724574475
14	LTR	544620	0.07462175343426301
14	RC/Helitron	604666	0.08284902714201109
14	LTR/Copia	14251	0.001952617619976648
14	LTR/LARD	20047	0.0027467634150355673
14	LTR/TRIM	218	2.9869527833479007e-05
14	LINE	747157	0.10237260003430584
14	LINE/L2	519176	0.07113551368107475
14	LINE/CR1	192539	0.026380958805184467
14	ClassI/Unclassified	173511	0.023773814880343008
14	LINE/I	2407	0.0003297979518127705
14	LINE/R1	25867	0.003544197598479823
14	SINE	9109	0.0012480804084181664
14	DNA/PiggyBac	709	9.714447355016795e-05
14	DNA/P	4869	0.0006671317936752719
14	DIRS/DIRS	2235	0.00030623116838452097
14	DNA/PIF-Harbinger	548	7.508486813186466e-05
15	DNA	4304753	0.5898208236227167
15	LTR/Gypsy	344926	0.0472604438416999
15	DNA/MITE	639429	0.0876121207019892
15	LTR	487973	0.0668601977315883
15	RC/Helitron	513616	0.07037370370513832
15	LTR/LARD	19036	0.0026082400543032402
15	LTR/Copia	8237	0.0011286022970842502
15	LINE	703359	0.096371565263431
15	LINE/L2	476186	0.0652451879858396
15	LINE/CR1	189909	0.026020606244624607
15	ClassI/Unclassified	178570	0.02446697974873553
15	LINE/I	3013	0.00041282975854253323
15	LINE/R1	36407	0.004988348164373716
15	SINE	6949	0.0009521254537378237
15	DNA/PiggyBac	291	3.98717091722128e-05
15	DNA/P	9355	0.001281786389367872
15	DIRS/DIRS	1507	0.0002064833873626278
15	DNA/PIF-Harbinger	192	2.6307107082697104e-05
16	DNA	4144618	0.5678797372024683
16	LTR/Gypsy	294695	0.040377983967372
16	DNA/MITE	595645	0.08161300415767249
16	LTR	444422	0.06089300595784589
16	RC/Helitron	468470	0.06418797111995371
16	LTR/LARD	21929	0.0030046278709190874
16	LTR/Copia	4979	0.0006822035737747337
16	LINE	640417	0.08774749269051892
16	LINE/L2	472055	0.06467917413501345
16	LINE/CR1	165334	0.0226534335542221
16	ClassI/Unclassified	169421	0.02321341869300847
16	LINE/I	1345	0.0001842867657616021
16	LINE/R1	33125	0.004538661052678862
16	SINE	10800	0.0014797747734017121
16	DNA/PiggyBac	202	2.7677268909920914e-05
16	DNA/P	8924	0.001222732414614526
16	DNA/PIF-Harbinger	729	9.988479720461558e-05
16	DIRS/DIRS	660	9.04306805967713e-05
17	DNA	4124067	0.5650639176313407
17	DNA/MITE	572412	0.07842970718448342
17	LTR/Gypsy	251025	0.03439448726788563
17	LTR	453102	0.06208230642387616
17	RC/Helitron	446394	0.06116320187017443
17	LTR/LARD	16427	0.0022507648335805485
17	LTR/Copia	3874	0.0005308006918665031
17	LINE	646487	0.08857918091964376
17	LINE/L2	405222	0.05552197159512857
17	LINE/CR1	168839	0.023133675274664044
17	ClassI/Unclassified	178294	0.024429163282304153
17	LINE/I	3661	0.000501616244946636
17	LINE/R1	21977	0.003011204647689762
17	SINE	6345	0.0008693676793735059
17	DNA/P	11883	0.0016281632992900506
17	DIRS/DIRS	360	4.932582578005707e-05
17	DNA/PIF-Harbinger	478	6.549373534129799e-05
18	DNA	4023743	0.5513179061159005
18	DNA/MITE	541435	0.07418535689229222
18	LTR/Gypsy	262799	0.03600771580325894
18	LTR	424431	0.05815391544904279
18	RC/Helitron	406682	0.05572201522190325
18	LTR/Copia	1738	0.00023813412557149773
18	LTR/LARD	14298	0.0019590573805646
18	LINE	616690	0.084496509723065
18	LINE/L2	386035	0.05289304209723426
18	LINE/CR1	145740	0.019968738469959772
18	ClassI/Unclassified	167324	0.022926095757839635
18	LINE/I	4488	0.0006149286280580447
18	LINE/R1	27908	0.003823847627416202
18	SINE	7091	0.000971581751684402
18	DNA/PiggyBac	2625	0.00035966747964624946
18	DNA/P	11419	0.0015645877905068658
18	DIRS/DIRS	468	6.41235735140742e-05
18	DNA/PIF-Harbinger	373	5.110703615544802e-05
19	DNA	3796224	0.5201441212390872
19	LTR/Gypsy	255983	0.03507381350182319
19	DNA/MITE	539982	0.07398627237879661
19	RC/Helitron	357243	0.04894807216429147
19	LTR	436388	0.05979221794585429
19	LTR/LARD	16830	0.002305982355217668
19	LTR/Copia	1089	0.00014921062298467265
19	LINE	597596	0.08188032273016385
19	LINE/L2	380004	0.05206669749923558
19	LINE/CR1	135334	0.018542948072550677
19	ClassI/Unclassified	154049	0.021107205932200033
19	LINE/I	699	9.577431172294415e-05
19	LINE/R1	27690	0.003793978099582723
19	SINE	4286	0.0005872513591481239
19	DNA/PiggyBac	1428	0.00019565910892755973
19	DNA/P	5283	0.0007238564933223376
19	DNA/PIF-Harbinger	1424	0.0001951110441966702
19	DIRS/DIRS	136	1.8634200850243783e-05
20	DNA	3648961	0.49996670712284125
20	DNA/MITE	569544	0.07803674477243562
20	LTR/Gypsy	240877	0.033004047045618906
20	LTR	425397	0.05828627308155261
20	RC/Helitron	342144	0.04687926482136624
20	LTR/LARD	10741	0.0014716908186210916
20	LTR/Copia	1826	0.00025019154965106726
20	LINE	572067	0.07838243660144419
20	LINE/L2	325189	0.04455615544330827
20	LINE/CR1	126409	0.01732007864175343
20	ClassI/Unclassified	126187	0.01728966104918906
20	LINE/I	560	7.672906232453322e-05
20	LINE/R1	29499	0.00404184037412751
20	SINE	6069	0.0008315512129421288
20	DNA/PiggyBac	1657	0.0002270358147709849
20	DNA/P	7620	0.0010440633123445413
20	DNA/PIF-Harbinger	1954	0.000267729621039532
20	DIRS/DIRS	2197	0.00030102455344107053
21	DNA	3430945	0.4700949870304386
21	DNA/MITE	572438	0.0784332696052342
21	LTR/Gypsy	274787	0.03765026580173484
21	LTR	421666	0.05777506570381541
21	RC/Helitron	320707	0.043942048912346564
21	LTR/LARD	11671	0.001599115868552906
21	LTR/Copia	1617	0.0002215551674620897
21	LINE	600343	0.08225670618410223
21	LINE/L2	318267	0.043607729426503955
21	LINE/CR1	100027	0.013705317709171579
21	ClassI/Unclassified	128422	0.017595892217573583
21	LINE/I	543	7.439978721825275e-05
21	LINE/R1	26000	0.0035624207507818995
21	SINE	10464	0.0014337373360069922
21	DNA/PiggyBac	262	3.5898239873263756e-05
21	DNA/P	5502	0.000753863037338539
21	DNA/PIF-Harbinger	112	1.5345812464906645e-05
21	DIRS/DIRS	215	2.9458479285311863e-05
22	DNA	3213028	0.44023683154012555
22	DNA/MITE	578255	0.07923029274013028
22	LTR/Gypsy	227520	0.03117392189299607
22	LTR	413900	0.0567109980287934
22	RC/Helitron	285075	0.03905988828958269
22	LTR/LARD	11643	0.0015952794154366792
22	LTR/Copia	527	7.220752829469466e-05
22	LINE	545382	0.07472615976549746
22	LINE/L2	298832	0.040944819915294486
22	LINE/CR1	101153	0.013859597930916978
22	ClassI/Unclassified	127101	0.017414893840197315
22	LINE/I	1091	0.0001494846553501174
22	LINE/R1	35048	0.004802143172054
22	SINE	11567	0.0015848661855497781
22	DNA/PiggyBac	631	8.645721129782226e-05
22	DNA/P	5263	0.0007211161696678899
22	DNA/PIF-Harbinger	837	0.0001146825449386327
22	DIRS/DIRS	5293	0.0007252266551495614
23	DNA	3102733	0.4251246316667606
23	DNA/MITE	597025	0.08180208648982938
23	LTR/Gypsy	194641	0.026668966821266914
23	LTR	395882	0.05424224044850153
23	RC/Helitron	257474	0.035278104630262264
23	LTR/LARD	11381	0.0015593811755634155
23	LTR/Copia	1386	0.00018990442925321974
23	LINE	516620	0.07078530031803634
23	LINE/L2	302278	0.04141697768095581
23	LINE/CR1	88916	0.012182930902943208
23	ClassI/Unclassified	115121	0.015773439971183193
23	LINE/I	3166	0.00043379323449905746
23	LINE/R1	29367	0.004023754238008156
23	SINE	10185	0.001395509821027448
23	DNA/P	6730	0.0009221189097216226
23	DNA/PIF-Harbinger	1208	0.00016551554872863594
23	DIRS/DIRS	1465	0.0002007287076882878
24	DNA	2972608	0.4072954008900108
24	DNA/MITE	607564	0.08324610003954054
24	LTR/Gypsy	190841	0.026148305326921865
24	LTR	369959	0.05069036994378927
24	RC/Helitron	252875	0.03464796720592204
24	LTR/LARD	9719	0.0013316602798788186
24	LTR/Copia	904	0.0001238626291810322
24	LINE	542150	0.07428332346293873
24	LINE/L2	269393	0.036911200512130315
24	LINE/CR1	78022	0.010690276608365593
24	ClassI/Unclassified	120901	0.016565393507318556
24	LINE/I	3048	0.0004176253249378166
24	LINE/R1	36142	0.004952038875952285
24	SINE	10379	0.0014220909604755899
24	DNA/PIF-Harbinger	1100	0.00015071780099461883
24	DIRS/DIRS	835	0.00011440851257318793
24	DNA/P	3465	0.0004747610731330493
25	DNA	2739557	0.37536364249037724
25	DNA/MITE	590254	0.08087434991661613
25	LTR/Gypsy	184586	0.025291269103993378
25	LTR	326405	0.04472276712149869
25	RC/Helitron	229058	0.03138465278202309
25	LTR/Copia	2010	0.0002754025272719853
25	LTR/LARD	10032	0.0013745463450709238
25	LINE	526911	0.07219533385443236
25	LINE/L2	271388	0.03718454779666147
25	LINE/CR1	74607	0.01022236634436866
25	ClassI/Unclassified	122346	0.016763381891352395
25	LINE/I	1918	0.0002627970384615263
25	LINE/R1	34882	0.004779398485722086
25	SINE	8772	0.001201905954840724
25	DNA/P	2645	0.0003624078033006971
25	DIRS/DIRS	329	4.507832411566327e-05
25	DNA/PIF-Harbinger	1712	0.00023457170482071586
26	DNA	2567195	0.35174725920398225
26	DNA/MITE	572139	0.07839230176660021
26	LTR/Gypsy	179389	0.024579196002385163
26	RC/Helitron	210981	0.028907811246950615
26	LTR	321841	0.044097425263553744
26	LTR/LARD	8491	0.001163404407495735
26	LTR/Copia	1306	0.00017894313463542925
26	LINE	529074	0.07249169985766088
26	LINE/L2	244074	0.03344208778178236
26	LINE/CR1	70417	0.009648268538761886
26	ClassI/Unclassified	101162	0.013860831076561482
26	LINE/I	5788	0.0007930496655971399
26	LINE/R1	29791	0.004081849099482445
26	SINE	3371	0.00046188155195714555
26	DNA/P	1309	0.0001793541831835964
26	DNA/PIF-Harbinger	533	7.302962539102894e-05
26	DIRS/DIRS	758	0.00010385826650356461
27	DNA	2374984	0.32541124170673075
27	LTR/Gypsy	176902	0.0242384367559546
27	DNA/MITE	571760	0.07834037263334842
27	LTR	313086	0.0428978485838193
27	RC/Helitron	198988	0.0272645761675611
27	LTR/LARD	10306	0.001412088779136856
27	LTR/Copia	1054	0.00014441505658938932
27	LINE	513760	0.07039343403545034
27	LINE/L2	277867	0.038072275644519774
27	LINE/CR1	55859	0.007653586950689467
27	ClassI/Unclassified	112806	0.015456247508180884
27	LINE/I	2767	0.00037912377759282757
27	LINE/R1	33693	0.004616486244465175
27	SINE	3530	0.0004836671250100041
27	DNA/P	2588	0.0003545978808855214
27	DNA/PIF-Harbinger	630	8.632019511509989e-05
27	DIRS/DIRS	123	1.6852990474852832e-05
28	DNA	2301132	0.3152923225803175
28	DNA/MITE	558501	0.07652367506663238
28	LTR/Gypsy	171778	0.023536365835685122
28	LTR	278371	0.038141331800611855
28	RC/Helitron	187508	0.025691630389908172
28	LTR/LARD	8135	0.0011146266464465674
28	LTR/Copia	1021	0.00013989352255955074
28	LINE	509321	0.06978521920034568
28	LINE/L2	261080	0.03577218498515917
28	LINE/CR1	64547	0.008843983546181511
28	ClassI/Unclassified	97640	0.013378260081013256
28	LINE/I	2471	0.00033856698750700287
28	LINE/R1	43385	0.00594444708741049
28	SINE	5711	0.0007824994195275164
28	DNA/PiggyBac	355	4.8640744866445164e-05
28	DNA/P	2343	0.00032102891611853813
28	DIRS/DIRS	785	0.0001075577034370689
28	DNA/PIF-Harbinger	849	0.00011632673913130127
29	DNA	2121575	0.29069010785923494
29	LTR/Gypsy	153718	0.021061853575718926
29	DNA/MITE	515181	0.07058813403109884
29	LTR	261261	0.03579698491423192
29	RC/Helitron	182749	0.025039570376332358
29	LTR/LARD	7085	0.0009707596545880676
29	LTR/Copia	1283	0.0001757917624328145
29	LINE	468311	0.06416618554690086
29	LINE/L2	219485	0.030072996864821743
29	LINE/CR1	61666	0.008449239923758331
29	ClassI/Unclassified	95449	0.01307805762466852
29	LINE/I	5279	0.000723308428591448
29	LINE/R1	44183	0.006053786001222949
29	SINE	5120	0.0007015228555385894
29	DNA/P	1196	0.0001638713545359674
29	DIRS/DIRS	1345	0.0001842867657616021
29	DNA/PIF-Harbinger	754	0.00010331020177267508
30	DNA	1994140	0.27322945061400833
30	DNA/MITE	496860	0.0680778605474421
30	LTR/Gypsy	146311	0.02004697471029425
30	LTR	261937	0.03588960785375225
30	RC/Helitron	180163	0.02468524652781228
30	LTR/LARD	9895	0.0013557751280379577
30	LTR/Copia	1954	0.000267729621039532
30	LINE	456695	0.06257460556839768
30	LINE/L2	201736	0.027641096637682203
30	ClassI/Unclassified	87206	0.011948633230487936
30	LINE/I	7533	0.0010321429044476943
30	LINE/CR1	58520	0.008018187012913722
30	LINE/R1	56764	0.007777586596053221
30	SINE	3796	0.0005201134296141573
30	DNA/P	930	0.0001274250499318141
30	DNA/PIF-Harbinger	1213	0.00016620062964224785
30	DIRS/DIRS	98	1.3427585906793314e-05
31	DNA	1905304	0.26105748100568293
31	LTR/Gypsy	131568	0.018026945128418192
31	DNA/MITE	442272	0.060598421164992776
31	LTR	222685	0.03051144864953336
31	RC/Helitron	174157	0.023862327334381664
31	LTR/LARD	6012	0.0008237412905269532
31	LTR/Copia	2098	0.0002874599513515548
31	LINE	420296	0.05758735353348575
31	LINE/L2	174144	0.023860546124006274
31	LINE/CR1	47426	0.00649812948179163
31	ClassI/Unclassified	79520	0.010895526850083718
31	LINE/I	47313	0.006482646653144001
31	LINE/R1	51366	0.007037973241717809
31	SINE	2507	0.00034349957008500854
31	DNA/P	877	0.00012016319224752794
31	DIRS/DIRS	418	5.7272764377955154e-05
31	DNA/PIF-Harbinger	684	9.371906898210844e-05
32	DNA	1720670	0.2357596351249189
32	LTR/Gypsy	132711	0.01818355462526987
32	DNA/MITE	410219	0.0562066414601923
32	LTR	209580	0.02871585157495656
32	RC/Helitron	168805	0.023129016724451484
32	LTR/LARD	7101	0.0009729519135116257
32	LTR/Copia	3884	0.0005321708536937269
32	LINE	404216	0.05538413331530986
32	LINE/L2	163697	0.02242913806310556
32	LINE/CR1	47142	0.006459216885898473
32	ClassI/Unclassified	81792	0.011206827617228967
32	LINE/I	69800	0.009563729554022177
32	LINE/R1	52761	0.007229110816615532
32	SINE	1690	0.00023155734880082348
32	DNA/P	486	6.658986480307705e-05
32	DIRS/DIRS	717	9.8240603011947e-05
32	DNA/PIF-Harbinger	655	8.97455996831594e-05
33	DNA	1619706	0.22192593325253643
33	LTR/Gypsy	130359	0.017861292563506832
33	DNA/MITE	352263	0.04826573157433401
33	RC/Helitron	148964	0.02041047864305673
33	LTR	203113	0.02782976792129092
33	LTR/LARD	6064	0.0008308661320285169
33	LTR/TRIM	152	2.0826459773801873e-05
33	LTR/Copia	1249	0.00017113321222025357
33	LINE	396783	0.054365692029134396
33	LINE/L2	148725	0.020377731775386078
33	ClassI/Unclassified	67900	0.009303398806849652
33	LINE/I	8574	0.0011747767506616925
33	LINE/CR1	40477	0.005546004028053806
33	LINE/R1	50502	0.006919591259845673
33	SINE	1221	0.0001672967591040269
33	DNA/P	486	6.658986480307705e-05
33	DIRS/DIRS	822	0.00011262730219779698
33	DNA/PIF-Harbinger	1340	0.00018360168484799023
34	DNA	1446651	0.19821459775151484
34	DNA/MITE	325044	0.04453628809681353
34	LTR/Gypsy	118273	0.01620531497912414
34	LTR	181963	0.02493187565671257
34	RC/Helitron	135509	0.018566925904527094
34	LTR/LARD	7560	0.0010358423413811984
34	LTR/Copia	1909	0.0002615638928170249
34	LINE	333117	0.04564241973993131
34	LINE/L2	134811	0.018471288608986874
34	ClassI/Unclassified	72616	0.0099495671245684
34	LINE/I	7395	0.0010132346712320058
34	LINE/CR1	50114	0.0068664289809493885
34	LINE/R1	50529	0.006923290696779176
34	SINE	387	5.302526271356135e-05
34	DNA/PiggyBac	105	1.4386699185849979e-05
34	DNA/P	149	2.041541122563473e-05
34	DIRS/DIRS	105	1.4386699185849979e-05
34	DNA/PIF-Harbinger	300	4.1104854816714224e-05
35	DNA	1336611	0.18313733700474408
35	LTR/Gypsy	113923	0.015609294584281784
35	DNA/MITE	287345	0.0393709150243625
35	LTR	170829	0.023406337478281584
35	RC/Helitron	128578	0.017617266742078273
35	LTR/Copia	1194	0.0001635973221705226
35	LTR/LARD	9110	0.0012482174246008888
35	LINE	310474	0.04253996231454844
35	LINE/L2	109000	0.014934763916739502
35	LINE/CR1	41309	0.005660001492078827
35	ClassI/Unclassified	63202	0.008659696780419909
35	LINE/I	7065	0.00096801933093362
35	LINE/R1	46016	0.006304936664153073
35	SINE	1817	0.0002489584040065658
35	DIRS/DIRS	507	6.946720464024705e-05
35	DNA/PIF-Harbinger	778	0.00010659859015801223
36	DNA	1207245	0.16541210151068056
36	LTR/Gypsy	119105	0.01631931244314916
36	DNA/MITE	245258	0.03360431494212566
36	LTR	160917	0.02204823307513734
36	RC/Helitron	119960	0.016436461279376795
36	LTR/Copia	4195	0.0005747828865203873
36	LTR/LARD	7417	0.001016249027251898
36	LINE	270700	0.03709028066294847
36	LINE/L2	104167	0.014272564705642237
36	ClassI/Unclassified	62879	0.008615440553400579
36	LINE/I	10889	0.001491969213664004
36	LINE/CR1	38252	0.005241143021496509
36	LINE/R1	50729	0.006950693933323653
36	SINE	1033	0.00014153771675221933
36	DNA/P	118	1.616790956124093e-05
36	DIRS/DIRS	1096	0.0001501697362637293
36	DNA/PIF-Harbinger	1140	0.00015619844830351407
37	DNA	1064432	0.1458444094075492
37	LTR/Gypsy	131903	0.01807284554963019
37	DNA/MITE	216442	0.02965605662079753
37	RC/Helitron	106724	0.014622915084863363
37	LTR	152429	0.020885239716189774
37	LTR/LARD	6707	0.0009189675375190077
37	LTR/Copia	7350	0.0010070689430094985
37	LINE	269535	0.0369306568100769
37	LINE/L2	118402	0.016222990066695326
37	ClassI/Unclassified	50009	0.00685204228176354
37	LINE/I	3518	0.00048202293081733546
37	LINE/CR1	37034	0.005074257310940649
37	LINE/R1	50479	0.006916439887643059
37	SINE	2022	0.0002770467214646539
37	DNA/P	126	1.7264039023019976e-05
37	DIRS/DIRS	230	3.151372202614757e-05
37	DNA/PIF-Harbinger	907	0.00012427367772919936
38	DNA	957988	0.13125985885384808
38	LTR/Gypsy	142219	0.01948630449059427
38	DNA/MITE	179368	0.024576318662547992
38	RC/Helitron	112928	0.015472963482473012
38	LTR	139411	0.019101563049509825
38	LTR/LARD	3793	0.0005197023810659902
38	LTR/Copia	1200	0.0001644194192668569
38	LINE	254718	0.03490048803067938
38	LINE/L2	86145	0.01180325906061949
38	ClassI/Unclassified	44810	0.0061396951477898825
38	LINE/I	4641	0.0006358921040145691
38	LINE/CR1	41243	0.00565095842401915
38	LINE/R1	45021	0.0061686055623443046
38	SINE	2277	0.00031198584805886096
38	DNA/P	655	8.97455996831594e-05
38	DIRS/DIRS	406	5.562857018528659e-05
38	DNA/PIF-Harbinger	2122	0.00029074833973689195
39	DNA	853783	0.1169820875332624
39	LTR/Gypsy	141705	0.019415878172674966
39	DNA/MITE	153308	0.02100567694080275
39	RC/Helitron	98087	0.013439506314690163
39	LTR/Copia	4164	0.0005705353848559935
39	LTR	122509	0.016785715529136144
39	LTR/LARD	5449	0.0007466011796542527
39	LINE	221224	0.030311268006575957
39	LINE/L2	92755	0.012708936028414428
39	LINE/CR1	44161	0.006050771645203057
39	ClassI/Unclassified	47883	0.006560745877295758
39	LINE/I	2678	0.0003669293373305357
39	LINE/R1	51036	0.006992757901419424
39	SINE	1044	0.0001430448947621655
39	DIRS/DIRS	100	1.3701618272238075e-05
39	DNA/PIF-Harbinger	1194	0.0001635973221705226
40	DNA	742611	0.10174972446764989
40	LTR/Gypsy	204193	0.02797774539863109
40	DNA/MITE	124301	0.01703124852857465
40	RC/Helitron	83895	0.011494972649494135
40	LTR	94574	0.012958168464786438
40	LTR/LARD	4670	0.0006398655733135181
40	LTR/Copia	1560	0.00021374524504691396
40	LINE	210953	0.028903974793834386
40	LINE/L2	97124	0.013307559730728509
40	LINE/CR1	36900	0.005055897142455849
40	ClassI/Unclassified	41073	0.005627665672956345
40	LINE/I	1415	0.00019387789855216877
40	LINE/R1	64316	0.00881233280797264
40	DNA/P	493	6.754897808213371e-05
40	SINE	196	2.685517181358663e-05
40	DNA/PIF-Harbinger	1157	0.00015852772340979452
41	DNA	634298	0.08690909066844067
41	DNA/MITE	105708	0.014483706643217424
41	LTR/Gypsy	177377	0.02430351944274773
41	RC/Helitron	77555	0.01062629005103424
41	LTR	81194	0.011124891939960984
41	LTR/Copia	2544	0.0003485691688457366
41	LTR/LARD	4273	0.0005854701487727329
41	LINE	167956	0.023012689985320182
41	LINE/L2	95155	0.01303777486694814
41	LINE/CR1	39655	0.005433376725856009
41	ClassI/Unclassified	45051	0.006172716047825975
41	LINE/I	2747	0.00037638345393837993
41	LINE/R1	57509	0.007879663652181394
41	SINE	358	4.9051793414612305e-05
41	DIRS/DIRS	547	7.494785194914228e-05
41	DNA/PIF-Harbinger	1232	0.0001688039371139731
42	DNA	519811	0.07122251895710346
42	LTR/Gypsy	156148	0.02139480289973431
42	DNA/MITE	97336	0.013336607161465654
42	RC/Helitron	60583	0.008300851397869994
42	LTR/Copia	981	0.00013441287525065552
42	LTR	89880	0.012315014503087583
42	LTR/LARD	3327	0.0004558528399173608
42	LINE	165985	0.02274263108917437
42	LINE/L2	104244	0.01428311495171186
42	LINE/CR1	43090	0.005904027313507387
42	ClassI/Unclassified	53998	0.007398599834643116
42	LINE/I	1702	0.00023320154299349204
42	LINE/R1	58911	0.008071760340358173
42	SINE	377	5.165510088633754e-05
42	DNA/P	258	3.5350175142374235e-05
42	DIRS/DIRS	648	8.878648640410273e-05
42	DNA/PIF-Harbinger	1907	0.0002612898604515801
43	DNA	471075	0.06454489827594552
43	LTR/Gypsy	145858	0.019984906379521012
43	DNA/MITE	87815	0.012032076085765866
43	LTR	73694	0.010097270569543126
43	RC/Helitron	60791	0.00832935076387625
43	LTR/Copia	3326	0.0004557158237346384
43	LTR/LARD	3286	0.00045023517642574316
43	LINE	155484	0.02130382415440665
43	LINE/L2	106891	0.014645796787378002
43	LINE/CR1	53157	0.007283369224973594
43	ClassI/Unclassified	43759	0.00599569113974866
43	LINE/I	1274	0.00017455861678831308
43	LINE/R1	43805	0.006001993884153889
43	DNA/P	1193	0.00016346030598780024
43	DIRS/DIRS	1376	0.00018853426742599592
43	DNA/PIF-Harbinger	975	0.00013359077815432123
44	DNA	393776	0.0539536843676882
44	LTR/Gypsy	132145	0.018106003465849004
44	DNA/MITE	66648	0.009131854546081232
44	RC/Helitron	47206	0.006467985921592706
44	LTR	64800	0.008878648640410273
44	LTR/LARD	3666	0.0005023013258602478
44	LTR/Copia	3961	0.0005427210997633502
44	LINE	117012	0.016032537572711215
44	LINE/L2	134774	0.018466219010226145
44	LINE/CR1	52995	0.007261172603372568
44	ClassI/Unclassified	41314	0.005660686572992439
44	LINE/I	4784	0.0006554854181438696
44	LINE/R1	41864	0.005736045473489749
44	SINE	295	4.041977390310232e-05
44	DNA/P	1891	0.000259097601528022
44	DIRS/DIRS	900	0.00012331456445014268
44	DNA/PIF-Harbinger	694	9.508923080933224e-05
45	DNA	340054	0.046592900999476466
45	LTR/Gypsy	126485	0.01733049187164033
45	DNA/MITE	43175	0.005915673689038789
45	RC/Helitron	38370	0.005257310931057749
45	LTR/Copia	2990	0.00040967838633991846
45	LTR/LARD	2699	0.0003698066771677056
45	LTR	72251	0.009899556217874732
45	LINE	107957	0.014791856038160058
45	LINE/L2	115315	0.015800021110631335
45	LINE/CR1	57952	0.007940361821127409
45	ClassI/Unclassified	33938	0.004650055209232158
45	LINE/I	1576	0.00021593750397047207
45	LINE/R1	42587	0.0058351081735980295
45	DNA/P	367	5.028493905911374e-05
45	SINE	132	1.808613611935426e-05
45	DIRS/DIRS	434	5.9465023301513246e-05
45	DNA/PIF-Harbinger	3500	0.00047955663952833265
46	DNA	299755	0.04107128585194725
46	LTR/Gypsy	125879	0.017247460064910566
46	DNA/MITE	39926	0.005470508111373774
46	RC/Helitron	36510	0.005002460831194122
46	LTR/Copia	5069	0.0006945350302197481
46	LTR	65297	0.008946745683223296
46	LTR/LARD	1405	0.00019250773672494496
46	LINE	89742	0.012296106269871893
46	LINE/CR1	75979	0.010410352547063767
46	ClassI/Unclassified	48162	0.006598973392275303
46	LINE/L2	140819	0.019294481834782936
46	LINE/I	3317	0.00045448267809013697
46	LINE/R1	52518	0.007195815884213992
46	SINE	394	5.398437599261802e-05
46	DNA/P	1712	0.00023457170482071586
46	DNA/PIF-Harbinger	2872	0.0003935104767786775
46	DIRS/DIRS	4330	0.0005932800711879086
47	DNA	252005	0.03452876312695356
47	LTR/Gypsy	114718	0.015718222449546074
47	DNA/MITE	34417	0.0047156859607561784
47	RC/Helitron	30887	0.004232018835746174
47	LTR	83137	0.011391114382990569
47	LTR/LARD	462	6.33014764177399e-05
47	LTR/Copia	5413	0.0007416685970762471
47	LINE	91463	0.012531911120337112
47	LINE/L2	138639	0.018995786556448145
47	LINE/CR1	56090	0.007685237688898336
47	ClassI/Unclassified	62905	0.008619002974151361
47	LINE/I	4216	0.0005776602263575573
47	LINE/R1	37621	0.005154685810198687
47	SINE	505	6.919317227480228e-05
47	DNA/PIF-Harbinger	3962	0.0005428581159460725
47	DIRS/DIRS	6758	0.0009259553628378492
48	DNA	242438	0.03321792930684854
48	LTR/Gypsy	121267	0.016615541430194947
48	DNA/MITE	31018	0.004249967955682806
48	RC/Helitron	22843	0.003129860661927343
48	LTR/LARD	480	6.576776770674276e-05
48	LTR	50266	0.0068872554407231916
48	LTR/Copia	2079	0.0002848566438798296
48	LINE	114228	0.01565108452001211
48	LINE/L2	139402	0.019100329903865322
48	LINE/CR1	66915	0.009168437866868108
48	ClassI/Unclassified	45999	0.006302607389046792
48	LINE/I	6211	0.0008510075108887068
48	LINE/R1	27856	0.0038167227859146383
48	DIRS/DIRS	1851	0.0002536169542191268
48	DNA/PIF-Harbinger	1191	0.00016318627362235547
49	DNA	178567	0.024466568700187367
49	LTR/Gypsy	91959	0.012599871146967413
49	DNA/MITE	23737	0.0032523531292811517
49	RC/Helitron	20937	0.002868707817658486
49	LTR/Copia	3952	0.0005414879541188487
49	LTR/LARD	254	3.4802110411484714e-05
49	LTR	43454	0.005953901204018333
49	LINE	108997	0.014934352868191334
49	LINE/CR1	55809	0.0076467361415533475
49	LINE/L2	113907	0.015607102325358224
49	LINE/I	2678	0.0003669293373305357
49	ClassI/Unclassified	32613	0.004468508767125004
49	LINE/R1	28580	0.003915922502205642
49	DNA/P	229	3.137670584342519e-05
49	DNA/PIF-Harbinger	916	0.00012550682337370076
49	DIRS/DIRS	9290	0.0012728803374909173
50	DNA	150165	0.020575035078506308
50	LTR/Gypsy	114526	0.015691915342463378
50	DNA/MITE	14656	0.0020081091739792122
50	RC/Helitron	23689	0.003245776352510478
50	LTR	38080	0.005217576238068259
50	LTR/LARD	1088	0.00014907360680195027
50	LTR/Copia	5522	0.0007566033609929866
50	LINE	110197	0.01509877228745819
50	LINE/L2	94283	0.012918296755614227
50	LINE/CR1	56419	0.007730316013014
50	ClassI/Unclassified	34553	0.004734320161606422
50	LINE/I	18031	0.0024705387906672474
50	LINE/R1	31931	0.00437506373050834
50	SINE	280	3.836453116226661e-05
50	DIRS/DIRS	10405	0.0014256533812263717
50	DNA/PIF-Harbinger	526	7.207051211197227e-05
51	DNA	132454	0.018148341466310218
51	LTR/Gypsy	70020	0.0095938731142211
51	DNA/MITE	15280	0.002093607271997978
51	RC/Helitron	18198	0.0024934204931818848
51	LTR	25100	0.0034391061863317572
51	LTR/Copia	936	0.0001282471470281484
51	LINE	86340	0.011829977216250355
51	LINE/CR1	36336	0.004978620015400427
51	ClassI/Unclassified	29626	0.004059241429333252
51	LINE/L2	83415	0.011429204881787391
51	LINE/I	8629	0.0011823126407114236
51	LINE/R1	21277	0.0029152933197840953
51	DIRS/DIRS	5370	0.0007357769012191847
52	DNA	128788	0.017646040140449973
52	DNA/MITE	13426	0.001839579269230684
52	LTR/Gypsy	51155	0.007009062827163387
52	RC/Helitron	17553	0.0024050450553259493
52	LTR	26572	0.0036407940072991016
52	LTR/Copia	4654	0.0006376733143899601
52	LINE	113930	0.01561025369756084
52	LINE/L2	73597	0.010083979999819057
52	LINE/CR1	24733	0.003388821247272643
52	LINE/I	5705	0.0007816773224311822
52	ClassI/Unclassified	36397	0.004986978002546492
52	LINE/R1	16804	0.0023024199344668862
52	DIRS/DIRS	3643	0.0004991499536576331
52	DNA/PIF-Harbinger	587	8.042849925803751e-05
53	DNA	102075	0.013985926851387014
53	DNA/MITE	8809	0.0012069755536014521
53	LTR/Gypsy	35330	0.0048407817355817125
53	RC/Helitron	13781	0.001888220014097129
53	LTR	16672	0.0022843337983475317
53	LTR/Copia	1787	0.0002448479185248944
53	LINE	76032	0.010417614404748055
53	LINE/L2	54235	0.007431072669948321
53	LINE/CR1	28151	0.003857142559817741
53	ClassI/Unclassified	28948	0.003966344457447478
53	LINE/R1	16416	0.0022492576555706023
53	DIRS/DIRS	9580	0.0013126150304804075
53	LINE/I	10717	0.0014684024302357545
54	DNA	89598	0.012276375939559872
54	DNA/MITE	9295	0.001273565418404529
54	LTR/Gypsy	26472	0.0036270923890268634
54	RC/Helitron	11912	0.0016321367685889997
54	LTR/LARD	658	9.015664823132654e-05
54	LTR	10481	0.0014360666111132726
54	LTR/Copia	2699	0.0003698066771677056
54	LINE	80745	0.011063371673918633
54	LINE/L2	49163	0.006736126591180404
54	LINE/CR1	23419	0.003208781983175435
54	ClassI/Unclassified	22935	0.0031424661507378025
54	LINE/I	886	0.00012139633789202935
54	LINE/R1	10530	0.0014427804040666695
54	DIRS/DIRS	7503	0.0010280324189660228
55	DNA	59469	0.008148215370317262
55	DNA/MITE	5001	0.0006852179297946261
55	LTR/Gypsy	30540	0.004184474220341509
55	RC/Helitron	10034	0.0013748203774363685
55	LTR/LARD	137	1.8771217032966164e-05
55	LTR/Copia	903	0.0001237256129983098
55	LTR	9328	0.0012780869524343678
55	LINE	50082	0.006862044463102273
55	LINE/L2	28630	0.0039227733113417615
55	LINE/CR1	22735	0.0031150629141933265
55	LINE/I	2917	0.00039967620500118466
55	LINE/R1	11297	0.0015478718162147355
55	ClassI/Unclassified	21148	0.0028976182322129084
55	DIRS/DIRS	1453	0.00019908451349561924
55	DNA/PIF-Harbinger	193	2.6444123265419484e-05
56	DNA	41298	0.00565849431406888
56	LTR/Gypsy	15642	0.00214320713014348
56	DNA/MITE	4829	0.0006616511463663767
56	RC/Helitron	5525	0.0007570144095411537
56	LTR/Copia	882	0.00012084827316113982
56	LTR/LARD	193	2.6444123265419484e-05
56	LTR	6505	0.0008912902686090868
56	LINE	48093	0.006589519275667457
56	LINE/L2	23240	0.003184256086468129
56	ClassI/Unclassified	16625	0.00227789403775958
56	LINE/CR1	11844	0.0016228196681638777
56	LINE/R1	5972	0.0008182606432180579
56	DIRS/DIRS	1252	0.0001715442607684207
56	LINE/I	518	7.097438265019323e-05
57	DNA	22686	0.0031083491212399294
57	DNA/MITE	3536	0.0004844892221063383
57	RC/Helitron	5140	0.000704263179193037
57	LTR/Gypsy	10737	0.0014711427538902022
57	LTR	5224	0.000715772538541717
57	LTR/LARD	104	1.4249683003127598e-05
57	LTR/Copia	1325	0.0001815464421071545
57	LINE	22459	0.0030772464477619495
57	LINE/CR1	7145	0.0009789806255514105
57	LINE/L2	12075	0.0016544704063727479
57	LINE/I	1889	0.00025882356916257724
57	LINE/R1	6803	0.0009321210910603564
57	ClassI/Unclassified	8109	0.0011110642256957856
57	DIRS/DIRS	1871	0.0002563572778735744
58	DNA	24238	0.003320998236825065
58	LTR/Gypsy	10299	0.0014111296658577994
58	DNA/MITE	1884	0.0002581384882489654
58	LTR/LARD	177	2.4251864341861392e-05
58	RC/Helitron	2574	0.00035267965432740807
58	LTR	3976	0.0005447763425041859
58	LINE/L2	9397	0.001287541069042212
58	ClassI/Unclassified	6287	0.0008614207407756077
58	LINE/I	2195	0.00030075052107562576
58	LINE	14105	0.0019326132572991804
58	LINE/R1	7472	0.001023784917301629
58	LINE/CR1	11161	0.0015292376153644917
58	DIRS/DIRS	1575	0.00021580048778774971
59	DNA	16893	0.0023146143747291782
59	DNA/MITE	2592	0.00035514594561641093
59	LTR/Gypsy	10251	0.001404552889087125
59	RC/Helitron	2781	0.0003810420041509409
59	LTR	4052	0.0005551895723910868
59	LTR/Copia	601	8.234672581615083e-05
59	LINE/L2	6029	0.0008260705656332336
59	LINE	6476	0.0008873167993101378
59	LINE/CR1	10789	0.001478267595391766
59	LINE/R1	6168	0.0008451158150316445
59	ClassI/Unclassified	4532	0.0006209573400978296
59	LINE/I	1167	0.00015989788523701834
60	DNA	14074	0.0019283657556347868
60	DNA/MITE	1042	0.00014277086239672073
60	LTR/Gypsy	7454	0.001021318626012626
60	RC/Helitron	2509	0.0003437736024504533
60	LTR	2512	0.00034418465099862044
60	LINE/L2	7255	0.0009940524056508723
60	LINE	5747	0.0007874320021055222
60	LINE/R1	7910	0.0010837980053340318
60	LINE/CR1	2241	0.0003070532654808553
60	ClassI/Unclassified	3449	0.00047256881420949126
60	DIRS/DIRS	1213	0.00016620062964224785
60	DNA/PIF-Harbinger	473	6.48086544276861e-05
60	LINE/I	323	4.4256227019328986e-05
61	DNA	10470	0.0014345594331033264
61	DNA/MITE	1578	0.00021621153633591682
61	LTR/Gypsy	5290	0.0007248156066013942
61	RC/Helitron	679	9.303398806849653e-05
61	LTR/LARD	92	1.2605488810459029e-05
61	LTR	3802	0.0005209355267104916
61	LINE/L2	8459	0.0011590198896486187
61	LINE	5638	0.0007724972381887826
61	LINE/R1	3219	0.0004410550921833436
61	LINE/CR1	2492	0.00034144432734417286
61	ClassI/Unclassified	920	0.00012605488810459029
62	DNA	7876	0.001079139455121471
62	LTR/Gypsy	2339	0.0003204808513876486
62	DNA/MITE	756	0.00010358423413811985
62	RC/Helitron	1940	0.00026581139448141863
62	LTR	820	0.00011235326983235222
62	LINE/CR1	4212	0.0005771121616266677
62	LINE/L2	3170	0.00043434129922994695
62	LINE	3655	0.0005007941478503016
62	LINE/R1	3296	0.000451605338252967
62	ClassI/Unclassified	1048	0.00014359295949305503
62	DIRS/DIRS	389	5.329929507900612e-05
63	LTR/Gypsy	2193	0.000300476488710181
63	DNA/MITE	510	6.987825318841419e-05
63	DNA	4634	0.0006349329907355125
63	LTR	658	9.015664823132654e-05
63	LINE/L2	1463	0.00020045467532284306
63	LINE	1306	0.00017894313463542925
63	LINE/CR1	216	2.9595495468034246e-05
63	RC/Helitron	436	5.9739055666958014e-05
63	ClassI/Unclassified	1042	0.00014277086239672073
63	LINE/R1	3155	0.0004322860564891113
64	DNA	2457	0.0003366487609488895
64	LTR/Gypsy	1512	0.0002071684682762397
64	DNA/MITE	345	4.727058303922136e-05
64	RC/Helitron	488	6.68638971685218e-05
64	LTR	408	5.590260255073135e-05
64	LINE	1903	0.00026074179572069055
64	LINE/I	239	3.2746867670648995e-05
64	LINE/L2	1363	0.00018675305705060497
64	LINE/CR1	994	0.00013619408562604647
64	ClassI/Unclassified	299	4.096783863399185e-05
64	LINE/R1	1719	0.00023553081809977254
65	DNA/MITE	301	4.124187099943661e-05
65	LTR/Gypsy	385	5.2751230348116595e-05
65	DNA	2419	0.00033144214600543906
65	LTR/Copia	202	2.7677268909920914e-05
65	RC/Helitron	644	8.82384216732132e-05
65	LTR	383	5.247719798267183e-05
65	LINE	763	0.00010454334741717652
65	LINE/CR1	546	7.48108357664199e-05
65	LINE/L2	2387	0.0003270576281583229
65	ClassI/Unclassified	223	3.055460874709091e-05
65	LINE/R1	506	6.933018845752467e-05
66	DNA	605	8.289479054704036e-05
66	DNA/MITE	233	3.192477057431471e-05
66	LTR/Gypsy	80	1.096129461779046e-05
66	LTR	177	2.4251864341861392e-05
66	LINE	544	7.453680340097513e-05
66	LINE/L2	1735	0.00023772307702333063
66	RC/Helitron	853	0.00011687480386219078
66	ClassI/Unclassified	283	3.877557971043376e-05
66	LINE/CR1	347	4.754461540466612e-05
66	LINE/R1	224	3.069162492981329e-05
67	DNA	1859	0.0002547130836809058
67	LTR/Gypsy	280	3.836453116226661e-05
67	RC/Helitron	102	1.3975650637682838e-05
67	LTR	533	7.302962539102894e-05
67	LINE/CR1	907	0.00012427367772919936
67	LINE/L2	113	1.5482828647629025e-05
67	ClassI/Unclassified	100	1.3701618272238075e-05
67	LINE	1377	0.0001886712836087183
67	LINE/R1	879	0.00012043722461297268
68	LTR/Gypsy	227	3.110267347798043e-05
68	DNA	304	4.1652919547603745e-05
68	DNA/MITE	91	1.2468472627736649e-05
68	LTR	377	5.165510088633754e-05
68	LINE	410	5.617663491617611e-05
68	LINE/L2	149	2.041541122563473e-05
69	DNA	226	3.096565729525805e-05
69	LINE/CR1	170	2.3292751062804726e-05
69	LINE/R1	664	9.097874532766082e-05
70	DNA	320	4.384517847116184e-05
70	LTR/Gypsy	361	4.946284196277945e-05
70	LINE/L2	152	2.0826459773801873e-05
70	LTR	123	1.6852990474852832e-05
71	DNA/MITE	84	1.1509359348679983e-05
71	LTR/Gypsy	93	1.274250499318141e-05
71	LINE/CR1	114	1.5619844830351405e-05
72	DNA	300	4.1104854816714224e-05
72	LTR	87	1.1920407896847125e-05
72	LINE	187	2.5622026169085202e-05
72	LINE/R1	322	4.41192108366066e-05
73	LINE/L2	129	1.7675087571187118e-05
73	LINE/CR1	86	1.1783391714124745e-05
73	LINE/R1	181	2.4799929072750913e-05
74	LTR/Gypsy	104	1.4249683003127598e-05
74	DNA	249	3.4117029497872805e-05
75	DNA	205	2.8088317458088056e-05
76	LINE/R1	390	5.343631126172849e-05
77	DNA	101	1.3838634454960457e-05
100	DNA/MITE	0	0.0
